InteractorA,InteractorB,Correlation,t-statistic,p_value
AT4G03270,AT5G01830,0.9852227,14.08990291,7.97809E-06
AT4G03280,AT5G09660,0.9877602,15.51163245,4.54224E-06
